{
  "test_duration": 21.043920755386353,
  "concurrent_users": 10,
  "endpoint": "/health",
  "total_requests": 1760,
  "successful_requests": 1760,
  "failed_requests": 0,
  "success_rate": 100.0,
  "avg_response_time": 0.004239887270060453,
  "min_response_time": 0.0009989738464355469,
  "max_response_time": 0.2697174549102783,
  "p95_response_time": 0.0060702085494995115,
  "requests_per_second": 83.63147632497852,
  "system_stats": {
    "initial_cpu": 25.0,
    "final_cpu": 32.2,
    "cpu_increase": 7.200000000000003,
    "initial_memory": 64.8,
    "final_memory": 67.0,
    "memory_increase": 2.200000000000003
  }
}