{
  "test_duration": 21.068654775619507,
  "concurrent_users": 50,
  "endpoint": "/health",
  "total_requests": 7500,
  "successful_requests": 7500,
  "failed_requests": 0,
  "success_rate": 100.0,
  "avg_response_time": 0.012446358648935953,
  "min_response_time": 0.0033464431762695312,
  "max_response_time": 0.2788395881652832,
  "p95_response_time": 0.019758808612823486,
  "requests_per_second": 355.9231307017259,
  "system_stats": {
    "initial_cpu": 16.6,
    "final_cpu": 7.0,
    "cpu_increase": -9.600000000000001,
    "initial_memory": 66.1,
    "final_memory": 66.3,
    "memory_increase": 0.20000000000000284
  }
}