{
  "test_duration": 21.11109209060669,
  "concurrent_users": 10,
  "endpoint": "/health",
  "total_requests": 1740,
  "successful_requests": 1740,
  "failed_requests": 0,
  "success_rate": 100.0,
  "avg_response_time": 0.005369813003759274,
  "min_response_time": 0.0011196136474609375,
  "max_response_time": 0.2567453384399414,
  "p95_response_time": 0.00693979263305664,
  "requests_per_second": 82.41831868792268,
  "system_stats": {
    "initial_cpu": 14.3,
    "final_cpu": 15.9,
    "cpu_increase": 1.5999999999999996,
    "initial_memory": 63.2,
    "final_memory": 62.7,
    "memory_increase": -0.5
  }
}