{
  "test_duration": 21.013182640075684,
  "concurrent_users": 25,
  "endpoint": "/health",
  "total_requests": 4075,
  "successful_requests": 4075,
  "failed_requests": 0,
  "success_rate": 100.0,
  "avg_response_time": 0.007000965223721931,
  "min_response_time": 0.001863241195678711,
  "max_response_time": 0.2784078121185303,
  "p95_response_time": 0.01029210090637207,
  "requests_per_second": 193.9110959281037,
  "system_stats": {
    "initial_cpu": 13.2,
    "final_cpu": 5.9,
    "cpu_increase": -7.299999999999999,
    "initial_memory": 66.9,
    "final_memory": 66.0,
    "memory_increase": -0.9000000000000057
  }
}