{
  "test_duration": 21.034768104553223,
  "concurrent_users": 25,
  "endpoint": "/health",
  "total_requests": 4075,
  "successful_requests": 4075,
  "failed_requests": 0,
  "success_rate": 100.0,
  "avg_response_time": 0.010217897614087064,
  "min_response_time": 0.0021419525146484375,
  "max_response_time": 0.2816483974456787,
  "p95_response_time": 0.013822126388549804,
  "requests_per_second": 193.70994766140063,
  "system_stats": {
    "initial_cpu": 9.6,
    "final_cpu": 9.8,
    "cpu_increase": 0.20000000000000107,
    "initial_memory": 62.5,
    "final_memory": 62.4,
    "memory_increase": -0.10000000000000142
  }
}