{
  "test_duration": 21.06937265396118,
  "concurrent_users": 50,
  "endpoint": "/health",
  "total_requests": 7300,
  "successful_requests": 7300,
  "failed_requests": 0,
  "success_rate": 100.0,
  "avg_response_time": 0.018254816401494692,
  "min_response_time": 0.004228830337524414,
  "max_response_time": 0.2954239845275879,
  "p95_response_time": 0.02537386417388916,
  "requests_per_second": 346.4282568081476,
  "system_stats": {
    "initial_cpu": 11.9,
    "final_cpu": 12.5,
    "cpu_increase": 0.5999999999999996,
    "initial_memory": 62.3,
    "final_memory": 62.1,
    "memory_increase": -0.19999999999999574
  }
}