{
  "test_duration": 21.102644443511963,
  "concurrent_users": 100,
  "endpoint": "/health",
  "total_requests": 12200,
  "successful_requests": 12200,
  "failed_requests": 0,
  "success_rate": 100.0,
  "avg_response_time": 0.03557262106019943,
  "min_response_time": 0.008220911026000977,
  "max_response_time": 0.3223898410797119,
  "p95_response_time": 0.04817413091659546,
  "requests_per_second": 577.9903246940471,
  "system_stats": {
    "initial_cpu": 26.5,
    "final_cpu": 8.8,
    "cpu_increase": -17.7,
    "initial_memory": 62.9,
    "final_memory": 62.7,
    "memory_increase": -0.19999999999999574
  }
}